{
  "solved": true,
  "cost_mode": "strict_covariance",
  "covariance_config_hash": "0b47ac6557138efac8e8f02906bc49f8ca1d5eff3fafa333d83ba904e6ecec8b",
  "warm_start_used": true,
  "prior_override_used": true,
  "iterations": 7,
  "initial_regularization": 0.10000000000000001,
  "final_preg": 10000,
  "final_dreg": 10000,
  "final_cost": 40816.412370988932,
  "stop": 1.3302575385721301e-10,
  "steplength": 0.0009765625,
  "n_running_models": 501,
  "nx": 71,
  "ndx": 70,
  "contact_certification_mode": "action_stationarity_plus_shooting_defect_v3",
  "defect_max": 2.6754729745322161e-08,
  "defect_mean": 4.966186656395675e-10,
  "defect_tolerance": 1e-6,
  "inner_relative_grad_tolerance": 1e-7,
  "inner_refinement_max_iters": 1000,
  "inner_grad_max": 5.6924498075941204e-07,
  "inner_relative_grad_max": 1.0091373711603939e-08,
  "inner_stationarity_rejected": 0,
  "contact_health_passed": true,
  "inner_min_cone_margin": 5.5833738983681211e-09,
  "inner_min_alpha": 7.5237220947654837e-05,
  "inner_hessian_condition_max": 62478665.158046171,
  "accepted_node_relative_grad_max": 3.9033978073659026e-07,
  "accepted_node_stationarity_rejected": 2,
  "action_velocity_mismatch_max": 2.6749380363387748e-08,
  "cold_restart_not_converged": 26,
  "cold_restart_stationarity_rejected": 1,
  "newton_not_converged": 26,
  "newton_max_iters": 1000,
  "newton_iter_max": 999,
  "newton_relative_grad_max": 1.0091373711603939e-08,
  "newton_relative_grad_tolerance": 1e-7,
  "newton_stationarity_rejected": 0,
  "feasible_init_used": 215,
  "min_cone_margin": 5.5833738983681211e-09,
  "duration_seconds": 293.95539700099999
}
